group_index,item_id,source_item_uid,domain,concept,task,is_repeated_check,stem,file
1,ITEM_469,mimo_A_C19,Geoscience,板块构造,A,False,概念：板块构造。解释：地球岩石圈由多个板块组成，板块在软流层上缓慢移动。常见误解：大陆在海洋上漂移。正确说明：板块包括大陆和海洋地壳，整体在软流层上移动。,07151c3f1e1e41f7ade978f5cdd0d79c.xlsx
2,ITEM_739,GLM_A_C19,Geoscience,板块构造,A,False,概念：板块构造。解释：地球岩石圈由板块拼合而成，板块在软流层上相对运动。常见误解：大陆漂移是因为大陆在水上漂移。正确说明：板块在软流层上移动，而非漂浮在水上。,07151c3f1e1e41f7ade978f5cdd0d79c.xlsx
3,ITEM_110,claude_A_C20,Geoscience,地质时间,A,False,概念：地质时间。解释：地球历史约46亿年，人类出现的时间相对于地质时间极为短暂。常见误解：地球历史与人类历史时间尺度相近。正确说明：地质时间以百万年计，人类历史仅占其极小片段。,07151c3f1e1e41f7ade978f5cdd0d79c.xlsx
4,ITEM_740,GLM_A_C20,Geoscience,地质时间,A,False,概念：地质时间。解释：地质时间尺度以百万年计，远超人类历史的时间跨度。常见误解：地球变化总是剧烈且迅速。正确说明：缓慢的地质过程日积月累，也能造成巨大地貌改变。,07151c3f1e1e41f7ade978f5cdd0d79c.xlsx
5,ITEM_201,豆包_A_C21,Geoscience,岩石循环,A,False,概念：岩石循环。解释：岩石循环是岩浆岩、沉积岩、变质岩间的相互转化过程。常见误解：岩石形成后不会改变类型。正确说明：岩石在地质作用下可转化为其他类型岩石。,07151c3f1e1e41f7ade978f5cdd0d79c.xlsx
6,ITEM_471,mimo_A_C21,Geoscience,岩石循环,A,False,概念：岩石循环。解释：岩浆岩、沉积岩和变质岩在地质作用下可相互转化。常见误解：岩石类型固定不变。正确说明：在高温高压或风化沉积等作用下，岩石可从一种变为另一种。,07151c3f1e1e41f7ade978f5cdd0d79c.xlsx
7,ITEM_022,千问_A_C22,Geoscience,地震成因,A,False,概念：地震成因。解释：板块间应力积累超过岩石强度引发震动。常见误解：地震是地底空洞塌陷造成的。正确说明：地震主要源于板块挤压断裂释放的巨大能量。,07151c3f1e1e41f7ade978f5cdd0d79c.xlsx
8,ITEM_202,豆包_A_C22,Geoscience,地震成因,A,False,概念：地震成因。解释：地震是板块运动使地壳应力累积，突然释放引发震动。常见误解：地震是由地下生物活动引起。正确说明：地震源于地壳板块的运动和应力释放。,07151c3f1e1e41f7ade978f5cdd0d79c.xlsx
9,ITEM_293,DEEPSEEK_A_C23,Geoscience,火山与板块边界,A,False,概念：火山与板块边界。解释：火山多分布在板块汇聚与离散边界，与岩浆活动有关。常见误解：火山可以随时在任何地方发生。正确说明：火山主要沿板块边界分布，非随机出现在各地。,07151c3f1e1e41f7ade978f5cdd0d79c.xlsx
10,ITEM_653,GPT_A_C23,Geoscience,火山与板块边界,A,False,概念：火山与板块边界。解释：许多火山分布在板块边界，少数位于热点地区。常见误解：火山随机分布。正确说明：火山常与俯冲、张裂或热点活动有关。,07151c3f1e1e41f7ade978f5cdd0d79c.xlsx
11,ITEM_114,claude_A_C24,Geoscience,地球内部结构,A,False,概念：地球内部结构。解释：地球由地壳、地幔、外核（液态）和内核（固态）组成，主要依据地震波推断。常见误解：地球内部是空心的或全部熔融。正确说明：地球内部分层，内核为固态铁镍，并非全部液态。,07151c3f1e1e41f7ade978f5cdd0d79c.xlsx
12,ITEM_384,Gemini_A_C24,Geoscience,地球内部结构,A,False,概念：地球内部结构。解释：地球内部从外到内分为地壳、地幔和地核，温度和压力随深度逐渐增加。常见误解：地球内部全都是液态的岩浆。正确说明：地幔绝大部分是固态岩石，只有外地核是液态，内地核也是固态。,07151c3f1e1e41f7ade978f5cdd0d79c.xlsx
14,ITEM_229,豆包_B_C19,Geoscience,板块构造,B,False,概念：板块构造。标题：移动的大陆。场景：地质学家观测，非洲板块和亚欧板块在缓慢移动。标签：板块构造、大陆、移动。提醒：误以为大陆是固定不动的。,07151c3f1e1e41f7ade978f5cdd0d79c.xlsx
15,ITEM_409,Gemini_B_C19,Geoscience,板块构造,B,False,概念：板块构造。标题：拼图的大陆。场景：地理课上，小雨剪下南美洲和非洲的地图，发现它们的边缘竟能完美拼合。标签：板块运动、岩石圈、大陆漂移。提醒：地球表面不是一块死寂不变的坚硬外壳。,07151c3f1e1e41f7ade978f5cdd0d79c.xlsx
16,ITEM_320,DEEPSEEK_B_C20,Geoscience,地质时间,B,False,概念：地质时间。标题：指甲速度。场景：老师形容：板块移动像指甲生长，几百年才几米，一生难察觉。标签：地质时间、缓慢、板块运动。提醒：地质变化极其缓慢，远超人类寿命尺度。,07151c3f1e1e41f7ade978f5cdd0d79c.xlsx
17,ITEM_770,GLM_B_C20,Geoscience,地质时间,B,False,概念：地质时间。标题：大地的时钟。场景：喜马拉雅山拔地而起用了百万年，地质时间尺度远超人类想象。标签：地质时间、漫长、沧海桑田。提醒：地貌变迁极度缓慢，别用人类寿命衡量地质变化。,07151c3f1e1e41f7ade978f5cdd0d79c.xlsx
18,ITEM_321,DEEPSEEK_B_C21,Geoscience,岩石循环,B,False,概念：岩石循环。标题：石头变形记。场景：小磊捡到花岗岩，老师说它祖先可能是海底泥沙或火山熔岩。标签：岩石循环、三大类、转化。提醒：任何岩石都能转变为另一类岩石。,07151c3f1e1e41f7ade978f5cdd0d79c.xlsx
19,ITEM_681,GPT_B_C21,Geoscience,岩石循环,B,False,概念：岩石循环。标题：石头旅行。场景：展馆里，小李看岩石样本，发现岩浆岩也能转成沉积岩。标签：岩石、循环、转化。提醒：岩石类型不会永远不变。,07151c3f1e1e41f7ade978f5cdd0d79c.xlsx
20,ITEM_232,豆包_B_C22,Geoscience,地震成因,B,False,概念：地震成因。标题：摇晃的房屋。场景：四川民居摇晃，是板块挤压释放能量引发地震。标签：地震、板块挤压、能量。提醒：误解地震是地下有怪兽。,07151c3f1e1e41f7ade978f5cdd0d79c.xlsx
21,ITEM_412,Gemini_B_C22,Geoscience,地震成因,B,False,概念：地震成因。标题：折断的竹筷。场景：小明用力弯折竹筷，筷子突然“啪”地断裂弹开。地下的岩层断裂也是如此。标签：应力积累、断层破裂、释放能量。提醒：地震绝大多数是地层断裂引发，非地下爆炸。,07151c3f1e1e41f7ade978f5cdd0d79c.xlsx
22,ITEM_143,claude_B_C23,Geoscience,火山与板块边界,B,False,概念：火山与板块边界。标题：环太平洋的火圈。场景：地图课上，同学发现火山几乎都在海岸边，老师说那是板块边界所在。标签：火山、板块边界、俯冲带。提醒：火山分布有规律，集中在板块边界，并非随机。,07151c3f1e1e41f7ade978f5cdd0d79c.xlsx
23,ITEM_773,GLM_B_C23,Geoscience,火山与板块边界,B,False,概念：火山与板块边界。标题：孤立的火山。场景：夏威夷火山远离板块边界，是地幔热点烧穿地壳的产物。标签：火山、板块边界、热点。提醒：火山不只长在板块边界，地幔热点也能形成火山。,07151c3f1e1e41f7ade978f5cdd0d79c.xlsx
24,ITEM_144,claude_B_C24,Geoscience,地球内部结构,B,False,概念：地球内部结构。标题：没人去过地心。场景：科学家用地震波“透视”地球，发现内核是固态铁镍，而非岩浆。标签：地球内部、地震波、内核固态。提醒：地球内部不是全部熔融，内核是固态的。,07151c3f1e1e41f7ade978f5cdd0d79c.xlsx
25,ITEM_414,Gemini_B_C24,Geoscience,地球内部结构,B,False,概念：地球内部结构。标题：切开的煮蛋。场景：老师切开白煮蛋，蛋壳、蛋白和蛋黄，完美对应了地球的地壳、地幔和地核。标签：地壳、地幔、地核。提醒：地幔绝大部分是固态岩石，并不是液态岩浆。,07151c3f1e1e41f7ade978f5cdd0d79c.xlsx
26,ITEM_471,mimo_A_C21,Geoscience,岩石循环,A,True,概念：岩石循环。解释：岩浆岩、沉积岩和变质岩在地质作用下可相互转化。常见误解：岩石类型固定不变。正确说明：在高温高压或风化沉积等作用下，岩石可从一种变为另一种。,07151c3f1e1e41f7ade978f5cdd0d79c.xlsx
27,ITEM_529,mimo_C_C19,Geoscience,板块构造,C,False,概念：板块构造。题目：关于板块构造学说，下列理解正确的是。选项：A. 大陆在海洋上独立漂移；B. 板块包括大陆和海洋地壳整体移动；C. 地球表面只有一块大陆板块；D. 板块是固定不动的。答案：B。解析：板块包括大陆和海洋地壳，整体在软流层上移动。,07151c3f1e1e41f7ade978f5cdd0d79c.xlsx
28,ITEM_619,KIMI_C_C19,Geoscience,板块构造,C,False,概念：板块构造。题目：大陆漂移学说的正确理解是。选项：A. 板块整体缓慢移动；B. 大陆在洋底滑动；C. 只有大陆在移动；D. 海洋不动大陆动。答案：A。解析：板块包含大陆和洋底岩石圈，整体移动。,07151c3f1e1e41f7ade978f5cdd0d79c.xlsx
29,ITEM_260,豆包_C_C20,Geoscience,地质时间,C,False,概念：地质时间。题目：地质年代单位中，最长的是。选项：A. 宙；B. 代；C. 纪；D. 世。答案：A。解析：地质时间单位从长到短：宙、代、纪、世。,07151c3f1e1e41f7ade978f5cdd0d79c.xlsx
30,ITEM_620,KIMI_C_C20,Geoscience,地质时间,C,False,概念：地质时间。题目：地球的年龄大约是多少。选项：A. 46亿年；B. 几百万年；C. 一万年左右；D. 与人类文明同龄。答案：A。解析：地球形成于约46亿年前，远超人类文明。,07151c3f1e1e41f7ade978f5cdd0d79c.xlsx
31,ITEM_081,千问_C_C21,Geoscience,岩石循环,C,False,概念：岩石循环。题目：岩石是永恒不变的吗。选项：A. 是，永恒；B. 不是，不断转化；C. 是，不变；D. 是，只变形状。答案：B。解析：岩石在高温高压下可熔化或变质，相互转化。,07151c3f1e1e41f7ade978f5cdd0d79c.xlsx
32,ITEM_261,豆包_C_C21,Geoscience,岩石循环,C,False,概念：岩石循环。题目：岩浆岩形成的原因是。选项：A. 岩浆冷却凝固；B. 岩石风化；C. 岩石变质；D. 沉积物压实。答案：A。解析：岩浆冷却凝固，形成岩浆岩，是岩石循环一环。,07151c3f1e1e41f7ade978f5cdd0d79c.xlsx
33,ITEM_082,千问_C_C22,Geoscience,地震成因,C,False,概念：地震成因。题目：地震主要是因为。选项：A. 地底空洞塌陷；B. 板块挤压断裂；C. 地下核爆；D. 地心沸腾。答案：B。解析：板块间应力积累超过岩石强度引发震动。,07151c3f1e1e41f7ade978f5cdd0d79c.xlsx
34,ITEM_442,Gemini_C_C22,Geoscience,地震成因,C,False,概念：地震成因。题目：绝大多数破坏性天然地震的直接原因是什么。选项：A. 地下深处岩浆的剧烈爆炸；B. 地下空洞突然大规模塌陷；C. 板块运动致岩层断裂释放应力；D. 太阳黑子活动引发地壳共振。答案：C。解析：地震多是地壳岩层在应力作用下突然断裂或错动造成的。,07151c3f1e1e41f7ade978f5cdd0d79c.xlsx
35,ITEM_443,Gemini_C_C23,Geoscience,火山与板块边界,C,False,概念：火山与板块边界。题目：地球上的活火山是均匀分布在世界各地的吗。选项：A. 是的，任何地方都能随意出现；B. 是的，火山位置完全随机分布；C. 不是，它们主要集中在板块交界；D. 不是，只存在于赤道附近。答案：C。解析：板块交界处地壳薄弱，岩浆易涌出，因此火山多集中于此。,07151c3f1e1e41f7ade978f5cdd0d79c.xlsx
36,ITEM_803,GLM_C_C23,Geoscience,火山与板块边界,C,False,概念：火山与板块边界。题目：火山只能出现在板块交界处吗。选项：A. 是，边界外无火山；B. 否，地幔热点也可形成火山；C. 是，板块内部岩浆无法上涌；D. 否，任何地方都能喷发。答案：B。解析：大多在边界，但地幔热点也能形成火山。,07151c3f1e1e41f7ade978f5cdd0d79c.xlsx
37,ITEM_534,mimo_C_C24,Geoscience,地球内部结构,C,False,概念：地球内部结构。题目：关于地球内部结构，正确的是。选项：A. 地球内部全部是熔融岩浆；B. 地幔大部分为固态；C. 地核是固态金属；D. 地壳是最厚的一层。答案：B。解析：地幔大部分为固态，只有部分软流层呈塑性状态。,07151c3f1e1e41f7ade978f5cdd0d79c.xlsx
38,ITEM_714,GPT_C_C24,Geoscience,地球内部结构,C,False,概念：地球内部结构。题目：地球内部结构哪项更准确。选项：A. 有地壳地幔地核；B. 地下全是熔岩；C. 内部完全空心；D. 只有一层岩石。答案：A。解析：地球内部有分层结构，性质各不相同。,07151c3f1e1e41f7ade978f5cdd0d79c.xlsx
40,ITEM_082,千问_C_C22,Geoscience,地震成因,C,True,概念：地震成因。题目：地震主要是因为。选项：A. 地底空洞塌陷；B. 板块挤压断裂；C. 地下核爆；D. 地心沸腾。答案：B。解析：板块间应力积累超过岩石强度引发震动。,07151c3f1e1e41f7ade978f5cdd0d79c.xlsx
1,ITEM_475,mimo_A_C25,Climate/Environment,温室效应,A,False,概念：温室效应。解释：温室气体吸收地表辐射的热量，使地球维持适宜温度。常见误解：温室效应完全是坏事。正确说明：天然温室效应维持地球宜居温度，问题在于过度增强。,920ce42582db4012aeba61ee82b426d9.xlsx
2,ITEM_745,GLM_A_C25,Climate/Environment,温室效应,A,False,概念：温室效应。解释：温室效应是大气中温室气体吸收地表辐射，保持地球温暖的现象。常见误解：温室效应完全是有害的。正确说明：自然温室效应维持宜居温度，加剧的温室效应才导致变暖。,920ce42582db4012aeba61ee82b426d9.xlsx
3,ITEM_116,claude_A_C26,Climate/Environment,天气与气候,A,False,概念：天气与气候。解释：天气是短时间的大气状态，气候是某地区长期的平均大气特征，两者时间尺度不同。常见误解：天气和气候是同一回事。正确说明：天气多变且短暂，气候反映长期统计规律。,920ce42582db4012aeba61ee82b426d9.xlsx
4,ITEM_746,GLM_A_C26,Climate/Environment,天气与气候,A,False,概念：天气与气候。解释：天气是短时大气状况，气候是长期的平均天气模式。常见误解：天气冷说明气候变化不大。正确说明：局部短期冷事件不否定全球长期气候变暖趋势。,920ce42582db4012aeba61ee82b426d9.xlsx
5,ITEM_207,豆包_A_C27,Climate/Environment,全球变暖与气候变化,A,False,概念：全球变暖与气候变化。解释：全球变暖是气候变暖趋势，气候变化含更广泛气候异动。常见误解：全球变暖等于气候变化。正确说明：全球变暖是气候变化的一个重要表现。,920ce42582db4012aeba61ee82b426d9.xlsx
6,ITEM_477,mimo_A_C27,Climate/Environment,全球变暖与气候变化,A,False,概念：全球变暖与气候变化。解释：全球变暖指地球平均气温长期上升趋势，是气候变化的一部分。常见误解：全球变暖意味着冬天不冷了。正确说明：全球变暖增加极端天气频率，部分地区冬季可能更严寒。,920ce42582db4012aeba61ee82b426d9.xlsx
7,ITEM_028,千问_A_C28,Climate/Environment,二氧化碳的气候作用,A,False,概念：二氧化碳的气候作用。解释：二氧化碳是主要温室气体，调节地球温度。常见误解：二氧化碳只占0.04%，影响微乎其微。正确说明：微量二氧化碳对温室效应起决定性作用。,920ce42582db4012aeba61ee82b426d9.xlsx
8,ITEM_208,豆包_A_C28,Climate/Environment,二氧化碳的气候作用,A,False,概念：二氧化碳的气候作用。解释：二氧化碳是温室气体，过量会增强温室效应导致升温。常见误解：二氧化碳对气候无影响。正确说明：过量CO₂会加剧温室效应，推高全球气温。,920ce42582db4012aeba61ee82b426d9.xlsx
9,ITEM_299,DEEPSEEK_A_C29,Climate/Environment,海洋垃圾与塑料污染,A,False,概念：海洋垃圾与塑料污染。解释：塑料分解极慢，在海洋中积累形成塑料污染。常见误解：塑料在海里很快消失。正确说明：塑料可存续数百年，仅分解为更小微粒。,920ce42582db4012aeba61ee82b426d9.xlsx
10,ITEM_659,GPT_A_C29,Climate/Environment,海洋垃圾与塑料污染,A,False,概念：海洋垃圾与塑料污染。解释：塑料污染会破坏海洋生态，并可形成微塑料。常见误解：塑料会很快消失。正确说明：许多塑料难降解，会长期残留并碎化。,920ce42582db4012aeba61ee82b426d9.xlsx
11,ITEM_120,claude_A_C30,Climate/Environment,自然变率与人为影响,A,False,概念：自然变率与人为影响。解释：气候既受自然因素波动影响，也受人类活动干扰，当前变暖主要由人为排放驱动。常见误解：气候变化都是自然波动，与人类无关。正确说明：科学证据表明，近百年变暖主要由人类活动造成。,920ce42582db4012aeba61ee82b426d9.xlsx
12,ITEM_390,Gemini_A_C30,Climate/Environment,自然变率与人为影响,A,False,概念：自然变率与人为影响。解释：气候系统的自然波动与人类活动共同影响地球，但近期变暖主要由人类主导。常见误解：现代气候变化完全是地球的自然周期变动。正确说明：工业革命以来的快速变暖速度远超自然变动周期，主要是人类排放所致。,920ce42582db4012aeba61ee82b426d9.xlsx
14,ITEM_235,豆包_B_C25,Climate/Environment,温室效应,B,False,概念：温室效应。标题：温室的温度。场景：大棚温室保暖，类似大气的温室效应留住热量。标签：温室效应、热量、大气。提醒：认为温室效应全是坏处。,920ce42582db4012aeba61ee82b426d9.xlsx
15,ITEM_415,Gemini_B_C25,Climate/Environment,温室效应,B,False,概念：温室效应。标题：冬日的暖房。场景：寒冬里，爷爷的玻璃温室却暖洋洋的。大气层就像这玻璃，留住了地表热量。标签：温室气体、吸收热量、天然保温。提醒：天然的温室效应是地球生命存活的必备保温毯。,920ce42582db4012aeba61ee82b426d9.xlsx
16,ITEM_326,DEEPSEEK_B_C26,Climate/Environment,天气与气候,B,False,概念：天气与气候。标题：一日之寒。场景：寒潮来袭，小豪说：全球变暖是假的吧？姐姐摇头：看长期。标签：天气、气候、长期趋势。提醒：一天冷不代表气候趋势，得看长期。,920ce42582db4012aeba61ee82b426d9.xlsx
17,ITEM_776,GLM_B_C26,Climate/Environment,天气与气候,B,False,概念：天气与气候。标题：寒冬的暖警。场景：暴雪纷飞，小华笑全球变暖是谎言，其实天气不等于气候。标签：天气、气候、长期趋势。提醒：局部短期的寒冷天气，不能否定长期的气候变暖。,920ce42582db4012aeba61ee82b426d9.xlsx
18,ITEM_327,DEEPSEEK_B_C27,Climate/Environment,全球变暖与气候变化,B,False,概念：全球变暖与气候变化。标题：不均之暖。场景：小信奇怪：都说变暖，怎么某个地方冬天更冷了？这是气候失衡。标签：全球变暖、极值天气、不均。提醒：全球均值上升，局部可能短期更冷。,920ce42582db4012aeba61ee82b426d9.xlsx
19,ITEM_687,GPT_B_C27,Climate/Environment,全球变暖与气候变化,B,False,概念：全球变暖与气候变化。标题：不只升温。场景：新闻课上，主持人讲热浪、暴雨和海平面上升同时增加。标签：变暖、气候、极端。提醒：气候变化不只是变热。,920ce42582db4012aeba61ee82b426d9.xlsx
20,ITEM_238,豆包_B_C28,Climate/Environment,二氧化碳的气候作用,B,False,概念：二氧化碳的气候作用。标题：二氧化碳的功过。场景：小方得知，适量CO₂保温，过量则加剧变暖。标签：二氧化碳、保温、变暖。提醒：认为CO₂只有负面影响。,920ce42582db4012aeba61ee82b426d9.xlsx
21,ITEM_418,Gemini_B_C28,Climate/Environment,二氧化碳的气候作用,B,False,概念：二氧化碳的气候作用。标题：致命红墨水。场景：仅仅一滴红墨水就染红了整杯水。大气中微增的二氧化碳，足以打破热量平衡。标签：温室气体、微量大效、热量平衡。提醒：别因为二氧化碳占比低就忽视它极强的保温能力。,920ce42582db4012aeba61ee82b426d9.xlsx
22,ITEM_149,claude_B_C29,Climate/Environment,海洋垃圾与塑料污染,B,False,概念：海洋垃圾与塑料污染。标题：看不见的碎片。场景：渔民捕鱼，网里有鱼也有塑料碎片，塑料早已碎成肉眼难见的微粒。标签：微塑料、海洋污染、食物链。提醒：塑料不会消失，只会变成更小的微塑料残留。,920ce42582db4012aeba61ee82b426d9.xlsx
23,ITEM_779,GLM_B_C29,Climate/Environment,海洋垃圾与塑料污染,B,False,概念：海洋垃圾与塑料污染。标题：永远的碎片。场景：塑料瓶在海里变成微塑料，被鱼吞下，它从未真正消失。标签：微塑料、海洋污染、降解。提醒：塑料在海里只是碎裂，不会自然分解消失。,920ce42582db4012aeba61ee82b426d9.xlsx
24,ITEM_150,claude_B_C30,Climate/Environment,自然变率与人为影响,B,False,概念：自然变率与人为影响。标题：自然也会变，但没这么快。场景：地质学家说，历史上气候也变过，但现在变暖速度远超自然节律。标签：自然变率、人为排放、变暖速度。提醒：气候变化有自然因素，但当前变暖主要由人类活动驱动。,920ce42582db4012aeba61ee82b426d9.xlsx
25,ITEM_420,Gemini_B_C30,Climate/Environment,自然变率与人为影响,B,False,概念：自然变率与人为影响。标题：陡峭的曲线。场景：科学家看着近百年的气温图表直摇头，这陡峭上升的异常曲线绝非大自然的手笔。标签：自然波动、人类活动、快速变暖。提醒：工业时代以来的快速升温主要是人类活动导致的。,920ce42582db4012aeba61ee82b426d9.xlsx
26,ITEM_477,mimo_A_C27,Climate/Environment,全球变暖与气候变化,A,True,概念：全球变暖与气候变化。解释：全球变暖指地球平均气温长期上升趋势，是气候变化的一部分。常见误解：全球变暖意味着冬天不冷了。正确说明：全球变暖增加极端天气频率，部分地区冬季可能更严寒。,920ce42582db4012aeba61ee82b426d9.xlsx
27,ITEM_535,mimo_C_C25,Climate/Environment,温室效应,C,False,概念：温室效应。题目：关于温室效应，下列理解正确的是。选项：A. 温室效应完全是坏事；B. 天然温室效应维持地球宜居温度；C. 温室气体对地球没有任何作用；D. 没有温室效应地球会更温暖。答案：B。解析：天然温室效应维持地球适宜温度，问题在于过度增强。,920ce42582db4012aeba61ee82b426d9.xlsx
28,ITEM_625,KIMI_C_C25,Climate/Environment,温室效应,C,False,概念：温室效应。题目：关于温室效应，正确的是。选项：A. 自然温室效应有益；B. 温室效应完全有害；C. 只有人类活动造成；D. 温室气体直接吸热。答案：A。解析：自然温室效应维持地球适宜温度。,920ce42582db4012aeba61ee82b426d9.xlsx
29,ITEM_266,豆包_C_C26,Climate/Environment,天气与气候,C,False,概念：天气与气候。题目：描述“全年多雨”是。选项：A. 气候；B. 天气；C. 气温；D. 降水。答案：A。解析：气候是长时间的天气平均状况。,920ce42582db4012aeba61ee82b426d9.xlsx
30,ITEM_626,KIMI_C_C26,Climate/Environment,天气与气候,C,False,概念：天气与气候。题目：连续三天高温，这属于什么现象。选项：A. 天气波动；B. 气候变化；C. 全球变暖；D. 厄尔尼诺现象。答案：A。解析：短期大气状况是天气，长期平均才是气候。,920ce42582db4012aeba61ee82b426d9.xlsx
31,ITEM_087,千问_C_C27,Climate/Environment,全球变暖与气候变化,C,False,概念：全球变暖与气候变化。题目：全球变暖意味着每天更热吗。选项：A. 是，每天更热；B. 不是，平均气温上升；C. 是，夏天变长；D. 是，冬天消失。答案：B。解析：全球变暖指平均气温上升，不代表每天更热。,920ce42582db4012aeba61ee82b426d9.xlsx
32,ITEM_267,豆包_C_C27,Climate/Environment,全球变暖与气候变化,C,False,概念：全球变暖与气候变化。题目：全球变暖是指。选项：A. 长期地表平均升温；B. 某天温度高；C. 冬天变暖；D. 夏天变热。答案：A。解析：全球变暖是长期的地表平均温度上升。,920ce42582db4012aeba61ee82b426d9.xlsx
33,ITEM_088,千问_C_C28,Climate/Environment,二氧化碳的气候作用,C,False,概念：二氧化碳的气候作用。题目：二氧化碳仅占0.04%，影响大吗。选项：A. 影响微乎其微；B. 影响巨大；C. 没有影响；D. 只有污染影响。答案：B。解析：微量二氧化碳对温室效应起决定性调节作用。,920ce42582db4012aeba61ee82b426d9.xlsx
34,ITEM_448,Gemini_C_C28,Climate/Environment,二氧化碳的气候作用,C,False,概念：二氧化碳的气候作用。题目：空气中二氧化碳比例不到1%，为什么它能显著影响气候。选项：A. 浓度低是骗局，其实占比极高；B. 它在大气中会不断发生剧烈爆炸；C. 它吸收红外辐射的保温能力极强；D. 它能直接吸收大量太阳紫外线。答案：C。解析：二氧化碳保温能力强，浓度微增也足以打破热量平衡。,920ce42582db4012aeba61ee82b426d9.xlsx
35,ITEM_449,Gemini_C_C29,Climate/Environment,海洋垃圾与塑料污染,C,False,概念：海洋垃圾与塑料污染。题目：丢进大海里的塑料瓶，经过几十年的海水浸泡后会怎样。选项：A. 彻底溶解并自然消失；B. 变成对鱼类有益的营养物质；C. 碎成微塑料被海洋生物误食；D. 沉入海底变成新的岩石。答案：C。解析：塑料极难降解，会在海中破碎成微塑料并进入食物链。,920ce42582db4012aeba61ee82b426d9.xlsx
36,ITEM_809,GLM_C_C29,Climate/Environment,海洋垃圾与塑料污染,C,False,概念：海洋垃圾与塑料污染。题目：塑料垃圾在海洋中会自然分解消失吗。选项：A. 会，海水能溶解塑料；B. 不会，只会碎裂成微塑料；C. 会，几十年后降解；D. 不会，塑料会变成沙子。答案：B。解析：塑料极难降解，仅碎裂为微塑料危害生态。,920ce42582db4012aeba61ee82b426d9.xlsx
37,ITEM_540,mimo_C_C30,Climate/Environment,自然变率与人为影响,C,False,概念：自然变率与人为影响。题目：关于近年气候变化的主要驱动因素，正确的是。选项：A. 气候变化完全是自然现象；B. 完全是人类活动造成的；C. 自然因素和人类活动共同影响，人为影响已成主因；D. 人类活动对气候没有影响。答案：C。解析：气候变化受自然和人为因素共同影响，人类排放温室气体已成主因。,920ce42582db4012aeba61ee82b426d9.xlsx
38,ITEM_720,GPT_C_C30,Climate/Environment,自然变率与人为影响,C,False,概念：自然变率与人为影响。题目：当前快速变暖主要与什么有关。选项：A. 人为温室气体排放；B. 完全自然周期；C. 太阳每天更近；D. 火山一直增多。答案：A。解析：自然波动存在，但难解释近现代快速变暖。,920ce42582db4012aeba61ee82b426d9.xlsx
40,ITEM_088,千问_C_C28,Climate/Environment,二氧化碳的气候作用,C,True,概念：二氧化碳的气候作用。题目：二氧化碳仅占0.04%，影响大吗。选项：A. 影响微乎其微；B. 影响巨大；C. 没有影响；D. 只有污染影响。答案：B。解析：微量二氧化碳对温室效应起决定性调节作用。,920ce42582db4012aeba61ee82b426d9.xlsx
1,ITEM_451,mimo_A_C01,Physics,惯性,A,False,概念：惯性。解释：惯性是物体保持原有运动状态的性质。常见误解：运动必须一直受力。正确说明：没有净力时，物体也可保持匀速直线运动。,ad21f69584e04e708e543860490f7762.xlsx
2,ITEM_721,GLM_A_C01,Physics,惯性,A,False,概念：惯性。解释：惯性是物体保持原有运动状态的性质。常见误解：运动必须一直受力。正确说明：没有净力时，物体也可保持匀速直线运动。,ad21f69584e04e708e543860490f7762.xlsx
3,ITEM_092,claude_A_C02,Physics,净力与加速度,A,False,概念：净力与加速度。解释：加速度由合外力决定，合外力为零时加速度为零，物体不一定静止。常见误解：有速度就有力，静止就没有力。正确说明：加速度为零只说明合外力为零，不代表无力。,ad21f69584e04e708e543860490f7762.xlsx
4,ITEM_722,GLM_A_C02,Physics,净力与加速度,A,False,概念：净力与加速度。解释：净力是改变物体运动状态的原因，产生加速度。常见误解：速度大则受力大。正确说明：净力决定加速度而非速度，匀速运动时净力为零。,ad21f69584e04e708e543860490f7762.xlsx
5,ITEM_183,豆包_A_C03,Physics,牛顿第三定律,A,False,概念：牛顿第三定律。解释：两个物体间作用力与反作用力大小相等、方向相反。常见误解：作用力与反作用力相互抵消。正确说明：二者作用在不同物体，无法抵消。,ad21f69584e04e708e543860490f7762.xlsx
6,ITEM_453,mimo_A_C03,Physics,牛顿第三定律,A,False,概念：牛顿第三定律。解释：作用力与反作用力大小相等、方向相反，分别作用在两个不同物体上。常见误解：作用力与反作用力能互相抵消。正确说明：它们作用在不同物体上，不能抵消。,ad21f69584e04e708e543860490f7762.xlsx
7,ITEM_004,千问_A_C04,Physics,抛体运动,A,False,概念：抛体运动。解释：水平匀速与竖直自由落体的合成运动。常见误解：水平运动需要持续受力。正确说明：水平方向不受力，仅靠惯性匀速运动。,ad21f69584e04e708e543860490f7762.xlsx
8,ITEM_184,豆包_A_C04,Physics,抛体运动,A,False,概念：抛体运动。解释：抛体运动是仅受重力的曲线运动，水平方向匀速。常见误解：抛体上升时不受重力。正确说明：全程受重力，加速度恒为重力加速度。,ad21f69584e04e708e543860490f7762.xlsx
9,ITEM_275,DEEPSEEK_A_C05,Physics,圆周运动,A,False,概念：圆周运动。解释：物体沿圆周运动时，需要指向圆心的向心力。常见误解：圆周运动存在向外的离心力。正确说明：感受到的向外拖拽是惯性表现，不是真实离心力。,ad21f69584e04e708e543860490f7762.xlsx
10,ITEM_635,GPT_A_C05,Physics,圆周运动,A,False,概念：圆周运动。解释：圆周运动需要指向圆心的向心加速度。常见误解：向心力把物体甩出去。正确说明：向心力指向圆心，改变速度方向而非大小。,ad21f69584e04e708e543860490f7762.xlsx
11,ITEM_096,claude_A_C06,Physics,摩擦力与运动,A,False,概念：摩擦力与运动。解释：摩擦力可以与运动方向相同，静摩擦力也可以是驱动力。常见误解：摩擦力总是阻碍运动。正确说明：摩擦力阻碍的是相对滑动趋势，并非一定反向于运动。,ad21f69584e04e708e543860490f7762.xlsx
12,ITEM_366,Gemini_A_C06,Physics,摩擦力与运动,A,False,概念：摩擦力与运动。解释：摩擦力是阻碍物体相对运动或相对运动趋势的力。常见误解：摩擦力总是阻碍物体的运动。正确说明：摩擦力也可以是动力，比如人走路时地面提供的静摩擦力。,ad21f69584e04e708e543860490f7762.xlsx
14,ITEM_211,豆包_B_C01,Physics,惯性,B,False,概念：惯性。标题：急刹那刻。场景：公交急刹，小林身体前倾，才发现身体会保持原来的运动。标签：惯性、运动状态、净力。提醒：别把惯性误解成一种力。,ad21f69584e04e708e543860490f7762.xlsx
15,ITEM_391,Gemini_B_C01,Physics,惯性,B,False,概念：惯性。标题：急刹那刻。场景：公交急刹，小林身体前倾，才发现身体会保持原来的运动。标签：惯性、运动状态、净力。提醒：别把惯性误解成一种力。,ad21f69584e04e708e543860490f7762.xlsx
16,ITEM_302,DEEPSEEK_B_C02,Physics,净力与加速度,B,False,概念：净力与加速度。标题：推车谜题。场景：小艾推购物车，越推越快。朋友问：不是力大速度就大吗。标签：净力、加速度、速度变化。提醒：净力决定加速度，不是直接定速度。,ad21f69584e04e708e543860490f7762.xlsx
17,ITEM_752,GLM_B_C02,Physics,净力与加速度,B,False,概念：净力与加速度。标题：踩油门的真相。场景：小明猛踩油门，车速骤增，这是净力让物体产生了加速度。标签：净力、加速度、变速。提醒：速度大不代表受力大，净力决定加速度。,ad21f69584e04e708e543860490f7762.xlsx
18,ITEM_303,DEEPSEEK_B_C03,Physics,牛顿第三定律,B,False,概念：牛顿第三定律。标题：对掌游戏。场景：阿杰和同学互推手掌，两人同时后退，力是一起出现的。标签：作用力、反作用力、同时。提醒：作用与反作用同时产生，不分先后。,ad21f69584e04e708e543860490f7762.xlsx
19,ITEM_663,GPT_B_C03,Physics,牛顿第三定律,B,False,概念：牛顿第三定律。标题：两人推墙。场景：操场边，阿杰推墙时手发麻，墙也在反推他的手。标签：作用力、反作用、相互。提醒：别以为强者施力更大。,ad21f69584e04e708e543860490f7762.xlsx
20,ITEM_214,豆包_B_C04,Physics,抛体运动,B,False,概念：抛体运动。标题：抛出的皮球。场景：小刚扔皮球，皮球虽受重力，水平方向仍保持匀速运动。标签：抛体、重力、匀速。提醒：误以为抛体水平方向会减速。,ad21f69584e04e708e543860490f7762.xlsx
21,ITEM_394,Gemini_B_C04,Physics,抛体运动,B,False,概念：抛体运动。标题：扔出的粉笔。场景：老师平抛和让粉笔自由掉落，两支竟同时落地，学生们惊讶极了。标签：平抛、重力、独立运动。提醒：水平扔出的速度不影响物体落地的快慢。,ad21f69584e04e708e543860490f7762.xlsx
22,ITEM_125,claude_B_C05,Physics,圆周运动,B,False,概念：圆周运动。标题：甩石头的绳。场景：阿强甩石头，绳子一断石头飞出去，不是向外飞而是沿切线飞。标签：向心力、切线方向、圆周。提醒：没有所谓的'离心力'，松手是失去向心力。,ad21f69584e04e708e543860490f7762.xlsx
23,ITEM_755,GLM_B_C05,Physics,圆周运动,B,False,概念：圆周运动。标题：甩干桶的秘密。场景：洗衣机甩干时，衣服在桶内转圈，向心力不断改变速度方向。标签：圆周运动、向心力、变速。提醒：匀速圆周运动并非真正匀速，方向一直在变。,ad21f69584e04e708e543860490f7762.xlsx
24,ITEM_126,claude_B_C06,Physics,摩擦力与运动,B,False,概念：摩擦力与运动。标题：鞋底推着走。场景：小敏跑步，鞋底摩擦地面向后，地面摩擦力向前推着她跑。标签：摩擦力、驱动力、相对滑动。提醒：摩擦力不总是阻力，也可以是动力。,ad21f69584e04e708e543860490f7762.xlsx
25,ITEM_396,Gemini_B_C06,Physics,摩擦力与运动,B,False,概念：摩擦力与运动。标题：起跑的瞬间。场景：运动员起跑用力蹬地，全靠鞋底向前的静摩擦力推着他如离弦之箭冲刺。标签：摩擦力、动力、相对趋势。提醒：摩擦力不仅仅是阻力，也能成为前进的动力。,ad21f69584e04e708e543860490f7762.xlsx
26,ITEM_453,mimo_A_C03,Physics,牛顿第三定律,A,True,概念：牛顿第三定律。解释：作用力与反作用力大小相等、方向相反，分别作用在两个不同物体上。常见误解：作用力与反作用力能互相抵消。正确说明：它们作用在不同物体上，不能抵消。,ad21f69584e04e708e543860490f7762.xlsx
27,ITEM_511,mimo_C_C01,Physics,惯性,C,False,概念：惯性。题目：公交急刹时，乘客身体为什么会前倾。选项：A. 身体保持原来的运动状态；B. 身体受到向前的推力；C. 重力突然增大了；D. 空气把人往前推。答案：A。解析：惯性使身体在短时间内保持原来的运动状态。,ad21f69584e04e708e543860490f7762.xlsx
28,ITEM_601,KIMI_C_C01,Physics,惯性,C,False,概念：惯性。题目：公交急刹时，人为什么会前倾。选项：A. 身体保持原运动；B. 前方有吸力；C. 司机推了乘客；D. 重力突然变大。答案：A。解析：惯性使身体短时保持原来的运动状态。,ad21f69584e04e708e543860490f7762.xlsx
29,ITEM_242,豆包_C_C02,Physics,净力与加速度,C,False,概念：净力与加速度。题目：物体速度变快，原因是。选项：A. 受同向净力；B. 受反向净力；C. 不受力；D. 受力平衡。答案：A。解析：净力与速度同向时，物体产生正向加速度。,ad21f69584e04e708e543860490f7762.xlsx
30,ITEM_602,KIMI_C_C02,Physics,净力与加速度,C,False,概念：净力与加速度。题目：用力推箱子，箱子立刻获得什么。选项：A. 加速度；B. 大速度；C. 大位移；D. 高温度。答案：A。解析：净力直接产生加速度，而非立刻大速度。,ad21f69584e04e708e543860490f7762.xlsx
31,ITEM_063,千问_C_C03,Physics,牛顿第三定律,C,False,概念：牛顿第三定律。题目：小刚推墙后退，说明。选项：A. 墙对小刚有反推力；B. 墙比人重；C. 小刚力气大；D. 地面滑。答案：A。解析：作用力与反作用力大小相等，方向相反。,ad21f69584e04e708e543860490f7762.xlsx
32,ITEM_243,豆包_C_C03,Physics,牛顿第三定律,C,False,概念：牛顿第三定律。题目：推墙时手感到力，原因是。选项：A. 墙对手有反作用力；B. 墙很坚硬；C. 手的力被消耗；D. 空气推了手。答案：A。解析：作用力与反作用力大小相等、方向相反。,ad21f69584e04e708e543860490f7762.xlsx
33,ITEM_064,千问_C_C04,Physics,抛体运动,C,False,概念：抛体运动。题目：篮球投出后，水平方向受力吗。选项：A. 受向前的推力；B. 受空气阻力；C. 不受力；D. 受重力。答案：C。解析：水平方向无推力，仅靠惯性匀速运动。,ad21f69584e04e708e543860490f7762.xlsx
34,ITEM_424,Gemini_C_C04,Physics,抛体运动,C,False,概念：抛体运动。题目：从同一高度同时松手让子弹掉落和用枪水平射出，谁先落地。选项：A. 水平射出的子弹先落地；B. 自由掉落的子弹先落地；C. 两颗子弹同时落地；D. 水平速度越快落地越晚。答案：C。解析：落地时间只由竖直高度决定，与水平速度无关。,ad21f69584e04e708e543860490f7762.xlsx
35,ITEM_425,Gemini_C_C05,Physics,圆周运动,C,False,概念：圆周运动。题目：链球运动员在旋转时突然松手，链球会怎么飞出去。选项：A. 顺着松手时的切线方向直飞；B. 受到离心力向外飞出；C. 继续绕着运动员转圈；D. 立刻垂直掉落在地上。答案：A。解析：不存在离心力，松手后链球靠惯性沿切线方向飞出。,ad21f69584e04e708e543860490f7762.xlsx
36,ITEM_785,GLM_C_C05,Physics,圆周运动,C,False,概念：圆周运动。题目：匀速圆周运动是匀速运动吗。选项：A. 是，速度大小不变；B. 不是，速度方向在变；C. 是，加速度为零；D. 不是，速率时刻改变。答案：B。解析：速度方向时刻改变，是变速运动。,ad21f69584e04e708e543860490f7762.xlsx
37,ITEM_516,mimo_C_C06,Physics,摩擦力与运动,C,False,概念：摩擦力与运动。题目：人在地面上走路前进，推动人前进的力是。选项：A. 脚对地面的蹬力；B. 地面对脚的摩擦力；C. 空气的推力；D. 肌肉产生的惯性力。答案：B。解析：摩擦力不一定阻碍运动，走路时地面摩擦力提供前进动力。,ad21f69584e04e708e543860490f7762.xlsx
38,ITEM_696,GPT_C_C06,Physics,摩擦力与运动,C,False,概念：摩擦力与运动。题目：人走路向前，地面对脚的摩擦力怎样。选项：A. 可向前推动人；B. 总是向后阻碍；C. 一定等于零；D. 只在空中存在。答案：A。解析：摩擦力方向取决于相对运动趋势。,ad21f69584e04e708e543860490f7762.xlsx
40,ITEM_064,千问_C_C04,Physics,抛体运动,C,True,概念：抛体运动。题目：篮球投出后，水平方向受力吗。选项：A. 受向前的推力；B. 受空气阻力；C. 不受力；D. 受重力。答案：C。解析：水平方向无推力，仅靠惯性匀速运动。,ad21f69584e04e708e543860490f7762.xlsx
1,ITEM_457,mimo_A_C07,Chemistry,质量守恒,A,False,概念：质量守恒。解释：化学反应前后，参与反应的各物质总质量保持不变。常见误解：反应后质量一定不变。正确说明：敞口体系中气体逸出可能导致质量减少，但原子总数不变。,d63ee049bcdc4003b8cf470847f082ff.xlsx
2,ITEM_727,GLM_A_C07,Chemistry,质量守恒,A,False,概念：质量守恒。解释：在封闭系统中，化学反应前后物质的总质量保持不变。常见误解：质量守恒意味着原子不变化。正确说明：原子种类和数目不变，但分子会重新组合。,d63ee049bcdc4003b8cf470847f082ff.xlsx
3,ITEM_098,claude_A_C08,Chemistry,物质微粒观,A,False,概念：物质微粒观。解释：物质由原子、分子等微粒构成，微粒之间有间隔，处于不断运动中。常见误解：物质是连续的，可以无限分割。正确说明：物质有最小结构单元，不能无限分割。,d63ee049bcdc4003b8cf470847f082ff.xlsx
4,ITEM_728,GLM_A_C08,Chemistry,物质微粒观,A,False,概念：物质微粒观。解释：物质由微粒构成，微粒间有间隙，且在不断运动。常见误解：微粒间紧密无间隙。正确说明：微粒间存在间隙，热胀冷缩是间隙改变的宏观表现。,d63ee049bcdc4003b8cf470847f082ff.xlsx
5,ITEM_189,豆包_A_C09,Chemistry,相变,A,False,概念：相变。解释：相变是物质在固、液、气间转变，仅改状态不改本质。常见误解：相变是化学反应。正确说明：相变无新物质生成，属于物理变化。,d63ee049bcdc4003b8cf470847f082ff.xlsx
6,ITEM_459,mimo_A_C09,Chemistry,相变,A,False,概念：相变。解释：相变是物质在固、液、气等状态之间的转变过程。常见误解：相变时温度一直升高。正确说明：相变过程中温度保持不变，吸收或释放的是潜热。,d63ee049bcdc4003b8cf470847f082ff.xlsx
7,ITEM_010,千问_A_C10,Chemistry,化学反应与物理变化,A,False,概念：化学反应与物理变化。解释：化学反应生成新物质，物理变化不生成。常见误解：发光发热就是化学变化。正确说明：灯泡发光发热是物理变化，未生成新物质。,d63ee049bcdc4003b8cf470847f082ff.xlsx
8,ITEM_190,豆包_A_C10,Chemistry,化学反应与物理变化,A,False,概念：化学反应与物理变化。解释：化学反应生成新物质，物理变化仅改变状态或形态。常见误解：有状态变化就是化学反应。正确说明：无新物质生成的状态变化是物理变化。,d63ee049bcdc4003b8cf470847f082ff.xlsx
9,ITEM_281,DEEPSEEK_A_C11,Chemistry,化学键,A,False,概念：化学键。解释：原子通过化学键连接成分子，断键吸热、成键放热。常见误解：分子断裂就会放出热量。正确说明：断开化学键需要吸收能量，成键时才放出能量。,d63ee049bcdc4003b8cf470847f082ff.xlsx
10,ITEM_641,GPT_A_C11,Chemistry,化学键,A,False,概念：化学键。解释：化学键是原子间因电子作用形成的稳定联系。常见误解：化学键像小棍子。正确说明：化学键不是实物棍子，而是电子相互作用。,d63ee049bcdc4003b8cf470847f082ff.xlsx
11,ITEM_102,claude_A_C12,Chemistry,溶液浓度与稀释,A,False,概念：溶液浓度与稀释。解释：稀释溶液时，溶质的量不变，溶剂增多，浓度降低。常见误解：浓度减半只需加等量水。正确说明：浓度减半需使溶液总体积翻倍，而非仅加等量水。,d63ee049bcdc4003b8cf470847f082ff.xlsx
12,ITEM_372,Gemini_A_C12,Chemistry,溶液浓度与稀释,A,False,概念：溶液浓度与稀释。解释：浓度指单位体积溶液中溶质的量。加溶剂稀释会降低浓度，但不改变溶质总量。常见误解：稀释后，溶质的质量或分子变小了。正确说明：稀释仅增加了溶剂的量，溶质的颗粒大小和总质量不变。,d63ee049bcdc4003b8cf470847f082ff.xlsx
14,ITEM_217,豆包_B_C07,Chemistry,质量守恒,B,False,概念：质量守恒。标题：燃烧的纸片。场景：小美烧纸片，灰烬加气体质量总和与原纸片相等。标签：质量守恒、燃烧、总和。提醒：误以为燃烧后质量会减少。,d63ee049bcdc4003b8cf470847f082ff.xlsx
15,ITEM_397,Gemini_B_C07,Chemistry,质量守恒,B,False,概念：质量守恒。标题：烧完的火柴。场景：小华称量燃烧的火柴，发现若用罩子收集散逸的烟气，总重量根本没变。标签：质量守恒、封闭系统、气体散逸。提醒：燃烧变轻是因为气体跑了，物质的质量没消失。,d63ee049bcdc4003b8cf470847f082ff.xlsx
16,ITEM_308,DEEPSEEK_B_C08,Chemistry,物质微粒观,B,False,概念：物质微粒观。标题：水的秘密。场景：小咛盯着杯里静止的水，想象里面无数分子正在疯狂运动。标签：微粒、分子运动、空隙。提醒：即使水静止，水分子也永远在动。,d63ee049bcdc4003b8cf470847f082ff.xlsx
17,ITEM_758,GLM_B_C08,Chemistry,物质微粒观,B,False,概念：物质微粒观。标题：乒乓球瘪了。场景：热水泡瘪乒乓球，球内气体微粒间距变大，球复原了。标签：微粒观、热胀冷缩、微粒间距。提醒：微粒间有空隙，并非紧密无间挤在一起。,d63ee049bcdc4003b8cf470847f082ff.xlsx
18,ITEM_309,DEEPSEEK_B_C09,Chemistry,相变,B,False,概念：相变。标题：冰水恒温。场景：阿哲测冰水混合物，温度停在零度不动，明明在加热啊。标签：相变、熔点、潜热。提醒：冰化完前温度不变，热量用于熔化。,d63ee049bcdc4003b8cf470847f082ff.xlsx
19,ITEM_669,GPT_B_C09,Chemistry,相变,B,False,概念：相变。标题：冰块融化。场景：厨房里，小美看冰块化成水，知道物质种类没变。标签：相变、状态、水。提醒：融化不是化学反应。,d63ee049bcdc4003b8cf470847f082ff.xlsx
20,ITEM_220,豆包_B_C10,Chemistry,化学反应与物理变化,B,False,概念：化学反应与物理变化。标题：折纸与烧纸。场景：小浩折纸是物理变，烧纸生成新物质是化学变化。标签：化学反应、物理变化、新物质。提醒：分不清形变和新物质生成。,d63ee049bcdc4003b8cf470847f082ff.xlsx
21,ITEM_400,Gemini_B_C10,Chemistry,化学反应与物理变化,B,False,概念：化学反应与物理变化。标题：焦黑的白糖。场景：妈妈熬糖色，白糖变成了焦黑的糊状物。原本的分子被破坏重组了。标签：化学反应、物理变化、新物质。提醒：物理变化没有新物质，化学变化生成了新物质。,d63ee049bcdc4003b8cf470847f082ff.xlsx
22,ITEM_131,claude_B_C11,Chemistry,化学键,B,False,概念：化学键。标题：断键要花力气。场景：化学老师说，水变成氢气和氧气需要能量，因为要断开化学键。标签：化学键、断键吸能、原子间力。提醒：化学键是原子间的力，不是分子之间的力。,d63ee049bcdc4003b8cf470847f082ff.xlsx
23,ITEM_761,GLM_B_C11,Chemistry,化学键,B,False,概念：化学键。标题：拆墙的耗能。场景：小赵以为断键会释放能量，其实打断化学键就像拆墙，需吸收能量。标签：化学键、断键吸能、作用力。提醒：断开化学键需要吸收能量，而非释放能量。,d63ee049bcdc4003b8cf470847f082ff.xlsx
24,ITEM_132,claude_B_C12,Chemistry,溶液浓度与稀释,B,False,概念：溶液浓度与稀释。标题：加水加多少。场景：小赵配药水，把100mL浓液稀释到一半浓度，加100mL水却不够。标签：稀释、浓度、溶质不变。提醒：浓度减半要让总体积翻倍，不只是加等量水。,d63ee049bcdc4003b8cf470847f082ff.xlsx
25,ITEM_402,Gemini_B_C12,Chemistry,溶液浓度与稀释,B,False,概念：溶液浓度与稀释。标题：变淡的糖水。场景：妹妹嫌糖水太甜加了半杯水。水变淡了，但杯底溶化的糖其实一点没少。标签：溶液浓度、稀释、溶质守恒。提醒：稀释只增加了溶剂，溶质的总量并没有改变。,d63ee049bcdc4003b8cf470847f082ff.xlsx
26,ITEM_459,mimo_A_C09,Chemistry,相变,A,True,概念：相变。解释：相变是物质在固、液、气等状态之间的转变过程。常见误解：相变时温度一直升高。正确说明：相变过程中温度保持不变，吸收或释放的是潜热。,d63ee049bcdc4003b8cf470847f082ff.xlsx
27,ITEM_517,mimo_C_C07,Chemistry,质量守恒,C,False,概念：质量守恒。题目：蜡烛在敞口容器中燃烧后，总质量减少了，这是因为。选项：A. 质量守恒定律不成立；B. 生成的气体逸散到空气中；C. 火把质量烧掉了；D. 蜡烛被压缩变轻了。答案：B。解析：敞口体系中生成的气体逸出导致质量减少，但原子总数不变。,d63ee049bcdc4003b8cf470847f082ff.xlsx
28,ITEM_607,KIMI_C_C07,Chemistry,质量守恒,C,False,概念：质量守恒。题目：铁在密闭容器中燃烧，总质量如何变化。选项：A. 保持不变；B. 明显增大；C. 因为耗氧而减少；D. 生成新物质变轻。答案：A。解析：化学反应前后密闭系统总质量守恒。,d63ee049bcdc4003b8cf470847f082ff.xlsx
29,ITEM_248,豆包_C_C08,Chemistry,物质微粒观,C,False,概念：物质微粒观。题目：水蒸发后体积变大，因。选项：A. 分子间距变大；B. 分子体积变大；C. 分子数量变多；D. 分子变成气体。答案：A。解析：物质状态变化，分子本身不变，仅间距改变。,d63ee049bcdc4003b8cf470847f082ff.xlsx
30,ITEM_608,KIMI_C_C08,Chemistry,物质微粒观,C,False,概念：物质微粒观。题目：关于物质的微观构成，正确的是。选项：A. 微粒间有空隙；B. 物质连续无间隙；C. 微粒静止不动；D. 不同物质微粒不同。答案：A。解析：物质由运动微粒构成，微粒间存在间隙。,d63ee049bcdc4003b8cf470847f082ff.xlsx
31,ITEM_069,千问_C_C09,Chemistry,相变,C,False,概念：相变。题目：水烧开变成气体，水分子变了。选项：A. 分子被破坏；B. 分子间距变大；C. 分子变小；D. 分子重组。答案：B。解析：相变只改变分子间距，分子结构保持不变。,d63ee049bcdc4003b8cf470847f082ff.xlsx
32,ITEM_249,豆包_C_C09,Chemistry,相变,C,False,概念：相变。题目：水结冰，属于哪种变化。选项：A. 物理相变；B. 化学变化；C. 核变化；D. 分子分解。答案：A。解析：相变仅改变状态，分子结构与种类不变。,d63ee049bcdc4003b8cf470847f082ff.xlsx
33,ITEM_070,千问_C_C10,Chemistry,化学反应与物理变化,C,False,概念：化学反应与物理变化。题目：灯泡发光发热是化学变化吗。选项：A. 是，发光了；B. 是，发热了；C. 不是；D. 是，钨丝变了。答案：C。解析：灯丝发热发光未生成新物质，是物理变化。,d63ee049bcdc4003b8cf470847f082ff.xlsx
34,ITEM_430,Gemini_C_C10,Chemistry,化学反应与物理变化,C,False,概念：化学反应与物理变化。题目：水烧开后变成水蒸气，这个过程属于什么变化。选项：A. 化学反应，生成了新气体；B. 物理变化，只是分子间距变大；C. 化学反应，水分子被分解了；D. 物理变化，水分子变轻飘起来了。答案：B。解析：沸腾未产生新物质，水分子本身没变，属于物理变化。,d63ee049bcdc4003b8cf470847f082ff.xlsx
35,ITEM_431,Gemini_C_C11,Chemistry,化学键,C,False,概念：化学键。题目：掰断干木棍需要用力，这类似于破坏化学键的什么特性。选项：A. 破坏化学键会释放巨大的能量；B. 破坏化学键需要吸收能量；C. 破坏化学键会产生新的化学键；D. 破坏化学键不需要任何能量。答案：B。解析：打断旧化学键需吸收能量，形成新化学键才会释放能量。,d63ee049bcdc4003b8cf470847f082ff.xlsx
36,ITEM_791,GLM_C_C11,Chemistry,化学键,C,False,概念：化学键。题目：断开化学键的过程需要能量吗。选项：A. 需要，断键吸收能量；B. 不需要，断键释放能量；C. 取决于化学键类型；D. 断键和成键同时进行。答案：A。解析：断开化学键需要克服微粒间引力，需吸热。,d63ee049bcdc4003b8cf470847f082ff.xlsx
37,ITEM_522,mimo_C_C12,Chemistry,溶液浓度与稀释,C,False,概念：溶液浓度与稀释。题目：向一杯糖水中加入适量水稀释，下列说法正确的是。选项：A. 糖的质量减少了；B. 糖水变甜了；C. 溶质质量不变，浓度降低；D. 水和糖都减少了。答案：C。解析：稀释时溶质质量不变，溶液体积增大，浓度降低。,d63ee049bcdc4003b8cf470847f082ff.xlsx
38,ITEM_702,GPT_C_C12,Chemistry,溶液浓度与稀释,C,False,概念：溶液浓度与稀释。题目：给糖水加水后，通常不变的是什么。选项：A. 溶质总量；B. 溶液浓度；C. 甜味强弱；D. 水的质量。答案：A。解析：未取出糖时，加水只会降低浓度。,d63ee049bcdc4003b8cf470847f082ff.xlsx
40,ITEM_070,千问_C_C10,Chemistry,化学反应与物理变化,C,True,概念：化学反应与物理变化。题目：灯泡发光发热是化学变化吗。选项：A. 是，发光了；B. 是，发热了；C. 不是；D. 是，钨丝变了。答案：C。解析：灯丝发热发光未生成新物质，是物理变化。,d63ee049bcdc4003b8cf470847f082ff.xlsx
1,ITEM_463,mimo_A_C13,Biology,自然选择,A,False,概念：自然选择。解释：自然选择指适应环境的个体更易存活和繁殖，从而传递基因。常见误解：生物为了适应环境而主动改变。正确说明：自然选择是对已有变异的筛选，不是生物主动适应。,f7800ffb79904dc18a4e300e24f97b84.xlsx
2,ITEM_733,GLM_A_C13,Biology,自然选择,A,False,概念：自然选择。解释：适应环境的变异个体更易存活并繁殖，导致种群基因频率改变。常见误解：个体为了生存而主动变异。正确说明：变异是随机的，自然选择定向淘汰不适者。,f7800ffb79904dc18a4e300e24f97b84.xlsx
3,ITEM_104,claude_A_C14,Biology,进化没有预设目标,A,False,概念：进化没有预设目标。解释：进化是自然选择对随机变异的筛选结果，没有方向，也没有终点。常见误解：进化是朝着“更高级”方向前进的。正确说明：进化无目标，只反映对当前环境的适应程度。,f7800ffb79904dc18a4e300e24f97b84.xlsx
4,ITEM_734,GLM_A_C14,Biology,进化没有预设目标,A,False,概念：进化没有预设目标。解释：生物进化是由环境选择随机变异驱动的，无既定终点。常见误解：进化是从低级向高级的攀升。正确说明：进化无固定方向，适应当前环境即可，不总是变复杂。,f7800ffb79904dc18a4e300e24f97b84.xlsx
5,ITEM_195,豆包_A_C15,Biology,随机变异与非随机选择,A,False,概念：随机变异与非随机选择。解释：生物变异随机产生，自然选择则是非随机的筛选过程。常见误解：变异是为适应环境产生。正确说明：变异随机，选择非随机，决定进化方向。,f7800ffb79904dc18a4e300e24f97b84.xlsx
6,ITEM_465,mimo_A_C15,Biology,随机变异与非随机选择,A,False,概念：随机变异与非随机选择。解释：基因变异是随机的，但自然选择是有方向性的筛选过程。常见误解：变异是为了适应环境。正确说明：变异随机发生，环境通过选择保留有利变异。,f7800ffb79904dc18a4e300e24f97b84.xlsx
7,ITEM_016,千问_A_C16,Biology,遗传信息与性状,A,False,概念：遗传信息与性状。解释：基因决定性状，但环境也会影响表现。常见误解：基因决定一切，环境没影响。正确说明：性状是基因与环境共同作用的结果。,f7800ffb79904dc18a4e300e24f97b84.xlsx
8,ITEM_196,豆包_A_C16,Biology,遗传信息与性状,A,False,概念：遗传信息与性状。解释：遗传信息储存在DNA中，决定生物性状的表达。常见误解：性状仅由遗传信息决定。正确说明：性状是遗传信息与环境共同作用的结果。,f7800ffb79904dc18a4e300e24f97b84.xlsx
9,ITEM_287,DEEPSEEK_A_C17,Biology,能量流动与物质循环,A,False,概念：能量流动与物质循环。解释：生态系统中能量单向流动，物质可循环再利用。常见误解：能量和物质都能循环使用。正确说明：能量在食物链中逐渐耗散，不可重复利用。,f7800ffb79904dc18a4e300e24f97b84.xlsx
10,ITEM_647,GPT_A_C17,Biology,能量流动与物质循环,A,False,概念：能量流动与物质循环。解释：生态系统中能量单向流动，物质可循环利用。常见误解：能量也能循环。正确说明：能量会逐级散失，物质可在生态系统中循环。,f7800ffb79904dc18a4e300e24f97b84.xlsx
11,ITEM_108,claude_A_C18,Biology,光合作用与细胞呼吸,A,False,概念：光合作用与细胞呼吸。解释：植物既进行光合作用储存能量，也进行细胞呼吸释放能量，两者同时存在。常见误解：植物白天呼吸，晚上光合。正确说明：光合作用需要光，细胞呼吸全天进行，两者不互斥。,f7800ffb79904dc18a4e300e24f97b84.xlsx
12,ITEM_378,Gemini_A_C18,Biology,光合作用与细胞呼吸,A,False,概念：光合作用与细胞呼吸。解释：光合作用将光能转化为化学能储存于有机物，细胞呼吸分解有机物释放能量。常见误解：植物只进行光合作用，不进行呼吸作用。正确说明：植物的生存同样需要能量，它们无时无刻不在进行细胞呼吸。,f7800ffb79904dc18a4e300e24f97b84.xlsx
14,ITEM_223,豆包_B_C13,Biology,自然选择,B,False,概念：自然选择。标题：抗寒的麻雀。场景：北方麻雀抗寒，是自然选择保留了耐寒个体。标签：自然选择、适应、保留。提醒：误解自然选择是主动选择。,f7800ffb79904dc18a4e300e24f97b84.xlsx
15,ITEM_403,Gemini_B_C13,Biology,自然选择,B,False,概念：自然选择。标题：躲藏的飞蛾。场景：树干被煤烟熏黑，原本少见的黑飞蛾躲过鸟类存活繁衍，占据了数量优势。标签：自然选择、适应环境、生存繁衍。提醒：生物不会为了适应环境而主动发生变异。,f7800ffb79904dc18a4e300e24f97b84.xlsx
16,ITEM_314,DEEPSEEK_B_C14,Biology,进化没有预设目标,B,False,概念：进化没有预设目标。标题：完美的陷阱。场景：小其以为进化会造出完美生物，老师摇头：适应就够，不必最优。标签：进化、无方向、适应性。提醒：进化没有预设目标，不追求完美。,f7800ffb79904dc18a4e300e24f97b84.xlsx
17,ITEM_764,GLM_B_C14,Biology,进化没有预设目标,B,False,概念：进化没有预设目标。标题：没有终点线。场景：小明以为进化是从低级到高级的攀岩，其实只是适应当下的盲盒。标签：进化、无目标、适应环境。提醒：进化没有方向和预设目标，不是越进化越高级。,f7800ffb79904dc18a4e300e24f97b84.xlsx
18,ITEM_315,DEEPSEEK_B_C15,Biology,随机变异与非随机选择,B,False,概念：随机变异与非随机选择。标题：先变后选。场景：小宗问：环境冷了，动物会长出厚毛吗？老师说：变异先发生。标签：随机变异、自然选择、非定向。提醒：变异随机发生，不因环境需要才出现。,f7800ffb79904dc18a4e300e24f97b84.xlsx
19,ITEM_675,GPT_B_C15,Biology,随机变异与非随机选择,B,False,概念：随机变异与非随机选择。标题：甲虫颜色。场景：草地上，甲虫颜色随机不同，鸟更容易吃掉显眼的个体。标签：变异、选择、随机。提醒：变异不会按需要定制。,f7800ffb79904dc18a4e300e24f97b84.xlsx
20,ITEM_226,豆包_B_C16,Biology,遗传信息与性状,B,False,概念：遗传信息与性状。标题：单眼皮的小明。场景：小明单眼皮，是基因里的遗传信息决定的性状。标签：遗传信息、性状、基因。提醒：认为性状仅由环境决定。,f7800ffb79904dc18a4e300e24f97b84.xlsx
21,ITEM_406,Gemini_B_C16,Biology,遗传信息与性状,B,False,概念：遗传信息与性状。标题：铁匠的手臂。场景：老铁匠打铁练出粗壮的胳膊，但他刚出生的儿子，手臂依然和常人一样。标签：基因表达、后天性状、不可遗传。提醒：后天环境导致身体特征的改变是无法遗传的。,f7800ffb79904dc18a4e300e24f97b84.xlsx
22,ITEM_137,claude_B_C17,Biology,能量流动与物质循环,B,False,概念：能量流动与物质循环。标题：草→牛→人。场景：小田吃牛肉，牛吃草，能量层层减少，但碳元素还在大气中循环。标签：能量递减、物质循环、食物链。提醒：能量不可循环，物质可以，两者规律不同。,f7800ffb79904dc18a4e300e24f97b84.xlsx
23,ITEM_767,GLM_B_C17,Biology,能量流动与物质循环,B,False,概念：能量流动与物质循环。标题：森林的流转。场景：阳光能量流过草地变热散失，碳元素却在动植物间反复循环。标签：能量流动、物质循环、生态。提醒：能量单向流动会递减，物质却能循环反复利用。,f7800ffb79904dc18a4e300e24f97b84.xlsx
24,ITEM_138,claude_B_C18,Biology,光合作用与细胞呼吸,B,False,概念：光合作用与细胞呼吸。标题：植物的双面生活。场景：晚上没有光，植物停止光合，但还在呼吸消耗氧气，这让小丽很惊讶。标签：光合作用、细胞呼吸、全天进行。提醒：植物不只白天呼吸，细胞呼吸全天都在进行。,f7800ffb79904dc18a4e300e24f97b84.xlsx
25,ITEM_408,Gemini_B_C18,Biology,光合作用与细胞呼吸,B,False,概念：光合作用与细胞呼吸。标题：夜间的盆栽。场景：黑暗的卧室里，绿萝正在悄悄吸收氧气释放二氧化碳，为生存消耗能量。标签：光合作用、细胞呼吸、维持生命。提醒：植物无时无刻不在进行呼吸作用以维持生命。,f7800ffb79904dc18a4e300e24f97b84.xlsx
26,ITEM_465,mimo_A_C15,Biology,随机变异与非随机选择,A,True,概念：随机变异与非随机选择。解释：基因变异是随机的，但自然选择是有方向性的筛选过程。常见误解：变异是为了适应环境。正确说明：变异随机发生，环境通过选择保留有利变异。,f7800ffb79904dc18a4e300e24f97b84.xlsx
27,ITEM_523,mimo_C_C13,Biology,自然选择,C,False,概念：自然选择。题目：关于自然选择，下列理解正确的是。选项：A. 生物主动变异来适应环境；B. 环境对已有变异进行筛选；C. 所有个体都能适应环境；D. 自然选择由生物意志决定。答案：B。解析：自然选择是对已有变异的筛选，不是生物主动适应。,f7800ffb79904dc18a4e300e24f97b84.xlsx
28,ITEM_613,KIMI_C_C13,Biology,自然选择,C,False,概念：自然选择。题目：长颈鹿的长脖子是怎么来的。选项：A. 随机变异被环境筛选；B. 为了吃树叶而拉长；C. 主动锻炼获得的；D. 父母教会的本领。答案：A。解析：变异随机产生，环境非随机筛选有利性状。,f7800ffb79904dc18a4e300e24f97b84.xlsx
29,ITEM_254,豆包_C_C14,Biology,进化没有预设目标,C,False,概念：进化没有预设目标。题目：生物进化有固定方向吗。选项：A. 无，随环境变化；B. 有，向高等进化；C. 有，变大变强；D. 有，向复杂进化。答案：A。解析：进化无预设目标，仅适应当下环境。,f7800ffb79904dc18a4e300e24f97b84.xlsx
30,ITEM_614,KIMI_C_C14,Biology,进化没有预设目标,C,False,概念：进化没有预设目标。题目：关于生物进化，正确的说法是。选项：A. 进化没有终极目标；B. 进化必然变高级；C. 人类是进化终点；D. 复杂等于更适应。答案：A。解析：进化只提升适应度，无终极完美目标。,f7800ffb79904dc18a4e300e24f97b84.xlsx
31,ITEM_075,千问_C_C15,Biology,随机变异与非随机选择,C,False,概念：随机变异与非随机选择。题目：环境导致生物发生特定变异吗。选项：A. 是，环境诱导；B. 是，为了适应；C. 不是；D. 是，定向变异。答案：C。解析：变异是随机的，环境只筛选有利的变异。,f7800ffb79904dc18a4e300e24f97b84.xlsx
32,ITEM_255,豆包_C_C15,Biology,随机变异与非随机选择,C,False,概念：随机变异与非随机选择。题目：生物变异是。选项：A. 随机的；B. 按需求产生；C. 定向的；D. 环境决定的。答案：A。解析：变异随机，自然选择是非随机的。,f7800ffb79904dc18a4e300e24f97b84.xlsx
33,ITEM_076,千问_C_C16,Biology,遗传信息与性状,C,False,概念：遗传信息与性状。题目：双胞胎基因相同，性状一定相同吗。选项：A. 一定相同；B. 不一定，环境影响；C. 基因决定一切；D. 环境决定一切。答案：B。解析：性状是基因与环境共同作用的结果。,f7800ffb79904dc18a4e300e24f97b84.xlsx
34,ITEM_436,Gemini_C_C16,Biology,遗传信息与性状,C,False,概念：遗传信息与性状。题目：铁匠经过多年锻炼练出粗壮手臂，他的儿子一出生也强壮吗。选项：A. 会，后天锻炼的性状能遗传；B. 会，强壮基因被激活传给了后代；C. 不会，后天环境改变的性状不遗传；D. 不会，因为儿子还没开始打铁。答案：C。解析：后天锻炼不改变生殖细胞的基因，因此这种肌肉无法遗传。,f7800ffb79904dc18a4e300e24f97b84.xlsx
35,ITEM_437,Gemini_C_C17,Biology,能量流动与物质循环,C,False,概念：能量流动与物质循环。题目：在生态系统中，太阳能被植物吸收后，最终会去哪里。选项：A. 在生态系统中无限循环使用；B. 全部储存在顶级捕食者体内；C. 随食物链传递最终以热能散失；D. 重新变回太阳光反射回太空。答案：C。解析：能量流动是单向且逐级递减的，最终多以热能形式散失。,f7800ffb79904dc18a4e300e24f97b84.xlsx
36,ITEM_797,GLM_C_C17,Biology,能量流动与物质循环,C,False,概念：能量流动与物质循环。题目：生态系统中，能量流动和物质循环的特点是。选项：A. 两者都单向流动；B. 物质循环，能量单向递减；C. 两者都循环利用；D. 能量循环，物质单向。答案：B。解析：能量单向流动逐级递减，物质可循环利用。,f7800ffb79904dc18a4e300e24f97b84.xlsx
37,ITEM_528,mimo_C_C18,Biology,光合作用与细胞呼吸,C,False,概念：光合作用与细胞呼吸。题目：关于植物的代谢过程，正确的是。选项：A. 植物白天只进行光合作用；B. 植物晚上才进行细胞呼吸；C. 所有活细胞时刻都在进行细胞呼吸；D. 光合作用和呼吸不能同时进行。答案：C。解析：植物所有活细胞时刻都在进行细胞呼吸，白天两种过程同时进行。,f7800ffb79904dc18a4e300e24f97b84.xlsx
38,ITEM_708,GPT_C_C18,Biology,光合作用与细胞呼吸,C,False,概念：光合作用与细胞呼吸。题目：夜晚植物没有光照时还会怎样。选项：A. 进行细胞呼吸；B. 完全停止活动；C. 只吸收阳光；D. 不需要能量。答案：A。解析：植物也靠细胞呼吸释放生命活动所需能量。,f7800ffb79904dc18a4e300e24f97b84.xlsx
40,ITEM_076,千问_C_C16,Biology,遗传信息与性状,C,True,概念：遗传信息与性状。题目：双胞胎基因相同，性状一定相同吗。选项：A. 一定相同；B. 不一定，环境影响；C. 基因决定一切；D. 环境决定一切。答案：B。解析：性状是基因与环境共同作用的结果。,f7800ffb79904dc18a4e300e24f97b84.xlsx
